"","Pair","Date","Time.Slots","SCSB","Sex","Allofeeding","Allopreening","Aggression","Alarm","Bat","Begging","Coo","Copulation","Cup","Full.Flight","Feed.Chick","Forage","Nest.Build","Non.voc","Not.Visible","Time.Visible","Pace.Fly","Perch","Preen","Proximity","Rest","Roll","Sharing","Sitting","Stereotypy","Wire"
"1","AL109_AL153","20190527","Afternoon","AL109","Female",0,0,0,0,0,0,0,0,0,1,0,9,0,0,29.3,1762.818,0,29,7,3,1296.809,0,2,0,0,11
"2","AL109_AL153","20190527","Afternoon","AL153","Male",0,0,0,0,0,0,0,0,0,0,0,14,1,4,30.752,1761.366,0,22,11,4,791.675,0,0,0,48,2
"3","AL109_AL153","20190605","Mid-Morn","AL109","Female",0,2,0,0,0,0,0,1,1,3,0,36,4,1,144.267,1653.021,0,13,12,3,808.286,0,0,0,0,6
"4","AL109_AL153","20190605","Mid-Morn","AL153","Male",1,3,0,0,0,0,6,1,0,0,0,2,0,5,21.434,1775.854,0,20,0,2,834.447,0,0,0,46,12
"5","AL109_AL153","20190617","Early_Morn","AL109","Female",0,0,0,3,0,0,0,0,0,4,0,14,0,8,134.286,1659.993,0,13,5,49,1202.864,0,0,0,0,4
"6","AL109_AL153","20190617","Early_Morn","AL153","Male",0,4,0,0,0,0,0,0,0,0,0,0,0,24,53.651,1740.628,0,22,6,51,1219.942,0,0,0,0,19
"7","AL109_AL153","20190623","Early_Morn","AL109","Female",0,0,0,0,0,0,0,0,1,6,0,24,9,31,0,1798.058,0,23,0,1,1028.848,0,0,0,0,18
"8","AL109_AL153","20190623","Early_Morn","AL153","Male",0,0,0,0,0,0,0,0,0,0,0,8,0,55,0,1798.058,0,34,0,3,1163.991,0,0,0,2,21
"9","AL109_AL153","20190703","Afternoon","AL109","Female",0,0,6,0,0,0,0,0,0,5,0,25,0,16,0,1796.331,0,22,15,10,1222.106,3,0,0,0,2
"10","AL109_AL153","20190703","Afternoon","AL153","Male",0,0,5,0,0,0,0,0,0,0,0,45,2,0,0,1796.331,0,22,0,13,1091.424,0,0,0,12,6
"11","AL109_AL153","20190719","Mid-Morn","AL109","Female",0,0,0,0,0,0,0,0,0,0,0,0,0,0,0,1797.345,0,2,1,100,1780.344,0,0,0,0,0
"12","AL109_AL153","20190719","Mid-Morn","AL153","Male",0,0,0,0,0,0,0,0,0,0,0,0,0,0,0,1797.345,0,11,30,102,1477.584,0,0,0,0,0
"13","AL114_AL147","20190524","Early_Morn","AL114","Female",0,0,3,0,0,0,0,0,0,0,0,0,1,26,0,1799.113,0,6,2,1,38.485,0,0,1526.228,0,1
"14","AL114_AL147","20190524","Early_Morn","AL147","Male",0,0,0,0,0,0,0,0,0,0,0,6,0,0,0,1799.113,0,9,96,0,343.054999999999,0,0,0,0,7
"15","AL114_AL147","20190604","Mid-Morn","AL114","Female",0,0,0,0,0,0,0,0,0,0,0,0,0,3,0,1798.745,0,2,3,0,12.25,0,0,1705.993,0,3
"16","AL114_AL147","20190604","Mid-Morn","AL147","Male",0,0,0,19,0,0,0,0,0,0,0,0,0,3,0,1798.745,0,9,88,0,829.437,0,0,0,0,1
"17","AL114_AL147","20190617","Afternoon","AL114","Female",0,1,0,0,0,10,0,0,0,0,0,1,0,45,0,1837.312,0,3,4,3,30.765,0,0,1575,0,0
"18","AL114_AL147","20190617","Afternoon","AL147","Male",1,1,0,0,0,0,0,0,0,0,0,3,0,0,25.018,1812.294,0,11,80,1,818.97,0,0,0,0,3
"19","AL114_AL147","20190630","Early_Morn","AL114","Female",0,0,0,0,0,0,0,0,0,1,0,5,0,92,0,1785.376,0,16,62,17,756.407,0,0,0,0,0
"20","AL114_AL147","20190630","Early_Morn","AL147","Male",0,0,0,0,0,0,0,0,0,0,0,0,0,1,66.254,1719.122,0,15,98,16,574.988,0,0,0,0,4
"21","AL114_AL147","20190705","Afternoon","AL114","Female",0,0,0,0,0,10,0,0,0,0,0,18,7,47,0,1799.046,0,10,27,61,996.712,0,0,0,0,0
"22","AL114_AL147","20190705","Afternoon","AL147","Male",0,0,0,0,0,0,0,0,0,1,0,14,0,0,0,1799.046,0,14,14,60,1380.538,0,0,0,0,8
"23","AL114_AL147","20190720","Mid-Morn","AL114","Female",0,0,0,0,0,0,0,0,0,4,0,4,0,3,117.803,1681.136,0,15,30,11,1257.285,0,0,0,0,1
"24","AL114_AL147","20190720","Mid-Morn","AL147","Male",0,0,4,0,0,0,0,0,0,0,0,1,0,0,152.154,1646.785,0,9,69,11,949.244,0,0,0,0,0
"25","AL116_AL035","20190526","Early_Morn","AL035","Male",0,0,0,0,0,0,0,0,0,0,0,11,11,23,1019.111,777.801,0,15,0,0,169.773,0,0,0,0,1
"26","AL116_AL035","20190526","Early_Morn","AL116","Female",0,0,0,0,0,0,0,0,35,1,0,14,20,1,281.176,1515.736,0,14,0,0,421.364,0,0,0,0,5
"27","AL116_AL035","20190608","Mid-Morn","AL035","Male",0,0,0,0,0,0,0,0,0,0,0,4,5,24,416.526,1379.136,0,18,19,11,650.367,0,0,0,0,12
"28","AL116_AL035","20190608","Mid-Morn","AL116","Female",0,0,0,0,0,0,0,0,4,2,0,22,8,0,604.296,1191.366,0,13,0,10,586.381,0,1,0,0,1
"29","AL116_AL035","20190618","Afternoon","AL035","Male",0,0,3,0,0,0,0,0,0,0,0,12,32,30,74.2540000000001,1716.692,0,20,0,15,821.41,0,0,0,0,6
"30","AL116_AL035","20190618","Afternoon","AL116","Female",0,0,4,0,0,0,0,0,9,0,0,32,12,0,26.3339999999999,1764.612,0,41,1,18,769.935,0,0,113.421,0,2
"31","AL116_AL035","20190624","Afternoon","AL035","Male",0,1,0,0,1,0,0,0,0,0,0,44,0,19,0,1797.462,0,15,0,8,990.046,0,0,0,0,12
"32","AL116_AL035","20190624","Afternoon","AL116","Female",0,1,0,0,0,0,0,0,17,4,0,45,24,1,0,1797.462,0,17,12,5,719.404999999999,0,0,0,0,5
"33","AL116_AL035","20190704","Mid-Morn","AL035","Male",0,0,0,0,0,0,0,0,0,0,0,2,0,27,809.413,988.596,0,29,0,5,675.873,0,0,0,0,6
"34","AL116_AL035","20190704","Mid-Morn","AL116","Female",0,0,0,0,0,0,0,0,23,0,0,26,5,0,221.103,1576.906,0,14,25,6,457.677,0,0,192.325,0,6
"35","AL116_AL035","20190713","Early_Morn","AL035","Male",0,0,0,0,0,0,1,1,0,0,0,11,6,74,41.183,1736.409,0,13,34,1,842.076,0,0,0,0,3
"36","AL116_AL035","20190713","Early_Morn","AL116","Female",0,0,0,0,0,0,1,1,23,0,0,35,28,5,459.412,1318.18,0,10,0,0,334.865,0,0,68.612,0,1
"37","AL118_AL100","20190523","Afternoon","AL100","Male",0,0,1,0,0,0,0,0,0,0,0,20,0,60,15.4839999999999,1780.862,0,23,0,10,1181.008,0,0,0,0,3
"38","AL118_AL100","20190523","Afternoon","AL118","Female",0,2,2,3,0,0,0,0,0,0,0,31,0,43,77.6200000000001,1718.726,0,27,0,12,730.668,0,0,0,0,13
"39","AL118_AL100","20190602","Early_Morn","AL100","Male",0,0,0,0,0,0,0,0,0,6,0,22,0,0,75.102,1720.458,0,21,33,2,817.827,0,0,0,0,1
"40","AL118_AL100","20190602","Early_Morn","AL118","Female",0,0,0,0,0,0,0,0,0,6,0,27,0,27,92.7020000000001,1702.858,0,26,44,0,476.316,0,0,0,0,0
"41","AL118_AL100","20190619","Mid-Morn","AL100","Male",0,1,0,0,0,0,0,0,0,4,0,9,0,2,0,1791.541,0,12,74,10,764.184,0,0,0,0,1
"42","AL118_AL100","20190619","Mid-Morn","AL118","Female",0,1,0,0,0,0,0,0,0,3,0,2,0,2,0,1791.541,0,14,83,9,750.712,0,0,0,0,0
"43","AL118_AL100","20190629","Afternoon","AL100","Male",0,4,0,0,0,0,0,0,0,2,0,17,0,1,0,1796.475,0,8,5,8,1366.333,0,0,0,0,7
"44","AL118_AL100","20190629","Afternoon","AL118","Female",0,1,0,0,0,0,0,0,0,0,0,22,0,0,0,1796.475,0,12,0,8,1510.707,0,1,0,0,1
"45","AL118_AL100","20190710","Mid-Morn","AL100","Male",0,0,1,0,0,0,0,0,0,1,0,12,0,4,260.989,1533.255,0,11,18,4,1145.386,0,0,0,0,2
"46","AL118_AL100","20190710","Mid-Morn","AL118","Female",1,0,0,0,0,0,0,0,0,2,0,39,0,3,137.188,1657.056,0,14,24,2,978.553,0,0,0,0,0
"47","AL118_AL100","20190718","Early_Morn","AL100","Male",0,0,0,0,0,0,0,0,0,5,0,0,0,0,116.536,1681.191,0,7,66,0,990.647,0,0,0,0,0
"48","AL118_AL100","20190718","Early_Morn","AL118","Female",0,0,0,0,0,0,0,0,0,0,0,14,0,0,125.972,1671.755,0,14,84,1,672.592,0,0,0,0,0
"49","AL122_AL194","20190524","Early_Morn","AL122","Female",0,11,0,0,0,0,0,0,0,0,0,1,0,12,0,1799.243,0,0,4,9,0,0,0,1583.839,0,0
"50","AL122_AL194","20190524","Early_Morn","AL194","Male",1,8,0,0,0,0,0,0,0,4,0,12,0,0,0,1799.243,0,12,23,12,995.876,0,0,0,0,0
"51","AL122_AL194","20190604","Afternoon","AL122","Female",0,1,0,0,0,0,0,0,0,0,0,0,0,1,0,323.557,0,5,0,0,238.744,0,0,0,0,3
"52","AL122_AL194","20190604","Afternoon","AL194","Male",0,1,0,0,0,0,0,0,0,1,0,0,0,2,0,323.557,0,4,4,1,230.542,0,0,0,0,0
"53","AL122_AL194","20190617","Mid-Morn","AL122","Female",0,6,2,0,0,0,0,0,0,5,0,1,0,0,0,1795.011,0,11,8,87,309.630999999999,0,0,1211.664,0,1
"54","AL122_AL194","20190617","Mid-Morn","AL194","Male",0,73,1,0,0,0,0,0,0,12,0,0,0,3,0,1795.011,5,17,27,94,533.462,0,0,0,0,3
"55","AL122_AL194","20190630","Mid-Morn","AL122","Female",0,25,0,0,0,0,0,0,5,4,0,14,11,24,0,1810.325,0,23,0,30,1053.915,0,0,0,0,2
"56","AL122_AL194","20190630","Mid-Morn","AL194","Male",1,1,3,0,0,0,0,0,0,2,0,27,0,0,39.2859999999999,1771.039,0,18,11,30,1157.434,0,0,0,0,0
"57","AL122_AL194","20190705","Early_Morn","AL122","Female",0,0,0,0,0,0,0,0,4,8,0,24,5,46,20.366,1778.645,0,24,1,19,1126.966,0,0,65.216,0,1
"58","AL122_AL194","20190705","Early_Morn","AL194","Male",0,8,0,0,0,0,0,0,0,4,0,54,3,4,0,1799.011,0,17,13,21,777.547,0,0,0,0,2
"59","AL122_AL194","20190720","Afternoon","AL122","Female",0,4,0,0,0,0,0,0,10,1,0,1,8,1,0,1799.15,0,4,81,28,772.321,0,0,61.7520000000002,0,0
"60","AL122_AL194","20190720","Afternoon","AL194","Male",0,4,0,0,0,0,0,0,0,1,0,0,1,0,0,1799.15,0,9,107,28,638.934,0,0,0,0,3
"61","AL149_AL091","20190525","Afternoon","AL091","Male",0,6,0,0,0,0,0,0,0,4,0,14,0,0,391.609,1404.417,0,42,7,39,649.307,0,0,0,0,1
"62","AL149_AL091","20190525","Afternoon","AL149","Female",0,17,2,0,0,58,0,0,0,1,0,2,0,2,98.875,1697.151,0,16,4,32,849.461,0,0,0,0,1
"63","AL149_AL091","20190603","Mid-Morn","AL091","Male",0,1,0,0,0,0,0,0,0,0,0,7,2,0,760.453,1037.725,0,21,11,24,579.977,0,0,0,0,1
"64","AL149_AL091","20190603","Mid-Morn","AL149","Female",0,2,0,0,0,2,0,0,4,0,0,5,0,0,814.337,983.841,0,10,26,21,436.197,0,1,0,0,0
"65","AL149_AL091","20190618","Early_Morn","AL091","Male",0,3,0,0,0,0,0,0,2,0,0,11,1,0,0,1798.457,0,22,8,38,1383.793,0,0,0,0,2
"66","AL149_AL091","20190618","Early_Morn","AL149","Female",0,16,0,0,0,38,0,0,2,0,0,13,2,2,0,1798.457,0,22,27,34,709.52,0,0,0,0,6
"67","AL149_AL091","20190628","Mid-Morn","AL091","Male",0,0,0,0,0,0,0,0,0,2,0,11,0,6,83.0540000000001,1709.97,0,16,43,2,1047.979,0,0,0,0,2
"68","AL149_AL091","20190628","Mid-Morn","AL149","Female",0,0,0,0,0,0,0,0,11,0,0,2,0,0,0,1793.024,0,3,0,1,15.1670000000001,0,0,1638.603,0,0
"69","AL149_AL091","20190702","Afternoon","AL091","Male",0,2,0,0,0,0,0,0,0,0,0,6,0,0,0,1799.018,0,9,8,5,1557.623,0,0,0,0,0
"70","AL149_AL091","20190702","Afternoon","AL149","Female",0,0,0,0,0,11,0,0,0,0,0,1,0,1,0,1799.018,0,7,0,6,73.153,0,0,1600.213,0,0
"71","AL149_AL091","20190712","Early_Morn","AL091","Male",0,9,2,0,0,0,0,0,0,0,0,14,15,0,0,1795.795,0,19,46,34,686.244,0,1,0,0,0
"72","AL149_AL091","20190712","Early_Morn","AL149","Female",0,7,1,0,0,18,0,0,1,2,0,12,1,2,0,1795.795,0,19,71,31,574.977,0,0,0,0,0
"73","AL155_AL154","20190525","Early_Morn","AL154","Male",0,8,0,0,0,0,0,0,0,1,0,1,0,5,753.466,1043.765,0,26,0,12,670.097,0,0,0,0,2
"74","AL155_AL154","20190525","Early_Morn","AL155","Female",0,3,0,0,0,0,0,0,0,4,0,4,0,6,1308.899,488.332,0,9,0,11,260.389,0,0,0,0,1
"75","AL155_AL154","20190603","Afternoon","AL154","Male",0,2,0,0,0,0,0,0,0,10,0,2,0,3,114.435,1678.327,0,26,3,12,1300.798,0,0,0,0,6
"76","AL155_AL154","20190603","Afternoon","AL155","Female",0,0,0,0,0,0,0,0,0,2,0,0,0,4,17.434,1775.328,0,7,1,10,317.142,0,0,1323.748,0,2
"77","AL155_AL154","20190618","Mid-Morn","AL154","Male",1,3,0,0,0,0,0,0,0,0,0,1,0,85,19.25,1777.76,0,56,1,31,1168.002,0,0,0,0,10
"78","AL155_AL154","20190618","Mid-Morn","AL155","Female",0,3,0,0,0,0,0,0,5,0,0,30,3,71,0,1797.01,0,12,2,29,880.949,0,0,9.83500000000015,0,1
"79","AL155_AL154","20190628","Early_Morn","AL154","Male",0,0,0,0,0,0,0,0,0,8,0,13,0,53,0,1798.762,0,29,5,0,1096.45,0,0,0,0,26
"80","AL155_AL154","20190628","Early_Morn","AL155","Female",0,0,0,0,0,8,0,0,0,0,0,0,0,0,0,1798.762,0,0,0,0,0,0,0,1738.947,0,0
"81","AL155_AL154","20190702","Mid-Morn","AL154","Male",0,10,0,0,0,0,0,0,0,1,0,4,0,22,27.6189999999999,1771.375,0,22,7,27,1360.661,0,0,0,0,0
"82","AL155_AL154","20190702","Mid-Morn","AL155","Female",0,0,0,0,0,3,0,0,0,0,0,2,0,2,0,1798.994,0,4,0,26,54.9859999999998,0,0,1648.074,0,1
"83","AL155_AL154","20190712","Afternoon","AL154","Male",0,4,0,0,0,0,0,0,0,1,0,12,13,0,0,1798.349,0,13,7,61,694.736,0,0,601.37,0,5
"84","AL155_AL154","20190712","Afternoon","AL155","Female",0,4,5,0,0,4,0,0,0,3,0,3,5,21,0,1798.349,0,20,5,65,421.59,0,0,819.003,0,13
"85","AL160_AL162","20190523","Afternoon","AL160","Female",1,3,0,0,0,0,0,0,0,0,0,22,0,5,0,1798.593,0,12,8,65,1145.728,0,0,0,0,1
"86","AL160_AL162","20190523","Afternoon","AL162","Male",0,3,0,0,0,0,0,0,4,0,0,17,1,2,0,1798.593,0,9,0,64,1274.586,0,0,0,0,0
"87","AL160_AL162","20190602","Mid-Morn","AL160","Female",1,37,1,3,0,0,0,0,0,2,0,3,0,25,0,1797.948,0,22,5,22,891.258,0,0,0,0,11
"88","AL160_AL162","20190602","Mid-Morn","AL162","Male",1,1,2,0,0,0,0,0,2,3,0,26,0,9,0,1797.948,0,27,4,24,1028.181,0,0,0,0,4
"89","AL160_AL162","20190619","Early_Morn","AL160","Female",0,3,0,0,0,0,0,0,1,1,0,9,11,25,0,1798.061,0,42,1,30,1209.559,0,0,0,0,0
"90","AL160_AL162","20190619","Early_Morn","AL162","Male",1,3,0,0,0,0,0,0,14,1,0,39,7,0,0,1798.061,0,38,0,41,933.292,0,1,0,0,1
"91","AL160_AL162","20190629","Mid-Morn","AL160","Female",0,2,0,0,0,0,0,0,0,5,0,0,0,17,0,1795.511,0,6,130,58,395.748000000001,0,0,0,0,1
"92","AL160_AL162","20190629","Mid-Morn","AL162","Male",0,2,0,0,0,0,0,0,0,6,0,21,0,0,0,1795.511,0,20,89,62,514.12,0,0,0,0,10
"93","AL160_AL162","20190710","Early_Morn","AL160","Female",0,1,1,0,1,0,0,0,0,11,0,0,0,6,0,1798.074,0,15,82,30,835.164,0,0,0,0,4
"94","AL160_AL162","20190710","Early_Morn","AL162","Male",0,2,3,0,0,0,0,0,0,3,0,7,0,7,5.76699999999994,1792.307,0,17,81,30,754.987,0,0,0,0,3
"95","AL160_AL162","20190718","Afternoon","AL160","Female",0,2,0,0,0,0,0,0,0,0,0,16,0,0,51.7849999999999,1745.793,0,11,11,126,1393.328,0,0,0,0,2
"96","AL160_AL162","20190718","Afternoon","AL162","Male",0,9,0,0,0,0,0,0,0,0,0,11,0,0,51.8489999999999,1745.729,0,11,9,125,1407.538,0,0,0,0,0
"97","AL161_AL167","20190523","Mid-Morn","AL161","Female",0,0,0,0,0,0,0,0,0,16,0,0,1,89,0,1797.595,26,12,2,0,1037.959,0,0,0,0,0
"98","AL161_AL167","20190523","Mid-Morn","AL167","Male",0,0,0,0,0,0,0,0,10,5,0,2,2,0,53.8169999999999,1743.778,0,12,47,1,721.448,0,0,0,0,0
"99","AL161_AL167","20190602","Early_Morn","AL161","Female",0,1,0,0,0,0,0,0,0,1,0,1,0,4,0,1793.563,0,4,0,5,57.7879999999999,0,0,1675.592,0,0
"100","AL161_AL167","20190602","Early_Morn","AL167","Male",0,34,0,0,0,0,0,0,0,1,0,12,0,0,0,1793.563,0,9,31,7,795.897,0,0,0,0,1
"101","AL161_AL167","20190619","Afternoon","AL161","Female",0,0,0,0,0,1,0,0,0,0,0,1,0,0,0,1775.611,0,5,0,86,101.922,0,0,1620.123,0,1
"102","AL161_AL167","20190619","Afternoon","AL167","Male",0,40,0,0,0,0,0,0,0,0,0,1,5,0,0,1775.611,0,13,59,86,667.703,0,0,0,0,1
"103","AL161_AL167","20190629","Afternoon","AL161","Female",0,1,0,0,0,0,0,0,0,0,0,56,0,0,0,1795.06,0,7,21,88,921.632,0,1,0,0,1
"104","AL161_AL167","20190629","Afternoon","AL167","Male",0,4,0,0,0,0,0,0,5,1,0,54,12,0,0,1795.06,0,11,10,90,842.542,0,1,0,0,2
"105","AL161_AL167","20190710","Early_Morn","AL161","Female",0,1,0,0,0,0,0,0,2,3,0,2,3,5,0,1793.526,0,14,40,15,1208.901,0,0,0,0,1
"106","AL161_AL167","20190710","Early_Morn","AL167","Male",0,1,0,0,0,0,0,0,3,5,0,19,1,0,0,1793.526,0,12,48,13,897.562,0,0,0,0,4
"107","AL161_AL167","20190718","Mid-Morn","AL161","Female",0,6,0,0,0,0,0,0,0,1,0,52,0,0,0,1797.296,0,4,3,98,1124.589,0,0,0,0,0
"108","AL161_AL167","20190718","Mid-Morn","AL167","Male",0,32,0,0,0,0,0,0,0,0,0,16,0,0,26.253,1771.043,0,10,15,103,976.693,0,0,0,0,5
"109","AL173_AL177","20190526","Mid-Morn","AL173","Female",0,1,0,0,0,0,0,0,0,0,0,0,1,0,24.835,1772.092,0,8,0,18,183.105,0,0,1496.834,0,1
"110","AL173_AL177","20190526","Mid-Morn","AL177","Male",1,0,0,0,0,0,0,0,0,1,0,5,0,0,24.835,1772.092,0,14,22,20,1301.376,0,0,0,0,1
"111","AL173_AL177","20190608","Early_Morn","AL173","Female",0,1,4,0,0,0,0,0,0,4,0,1,0,11,0,1793.461,0,21,0,25,185.999,0,0,1413.318,0,9
"112","AL173_AL177","20190608","Early_Morn","AL177","Male",0,7,0,0,0,0,0,0,0,10,0,17,2,30,0,1793.461,0,36,5,30,1148.487,0,0,0,0,2
"113","AL173_AL177","20190612","Afternoon","AL173","Female",0,1,1,0,0,0,0,0,0,0,0,0,0,0,11.5999999999999,1785.533,0,9,1,26,109.075,0,0,1584.604,0,0
"114","AL173_AL177","20190612","Afternoon","AL177","Male",0,8,0,0,0,1,0,0,0,0,0,0,0,0,0,1797.133,0,5,33,26,1140.456,0,0,82.135,0,0
"115","AL173_AL177","20190624","Afternoon","AL173","Female",0,0,0,11,1,0,0,0,0,7,0,56,0,34,0,1798.478,0,20,1,37,821.04,0,0,0,0,12
"116","AL173_AL177","20190624","Afternoon","AL177","Male",0,0,0,0,0,0,0,0,0,4,0,82,0,0,0,1798.478,0,16,1,37,799.73,0,0,0,0,7
"117","AL173_AL177","20190704","Mid-Morn","AL173","Female",0,2,0,0,0,0,0,0,0,1,0,14,0,0,0,1796.974,0,13,47,68,1083.376,0,1,0,0,2
"118","AL173_AL177","20190704","Mid-Morn","AL177","Male",0,7,0,0,0,0,0,0,0,2,0,4,0,0,30.5329999999999,1766.441,0,19,34,75,1153.59,0,1,0,0,8
"119","AL173_AL177","20190713","Early_Morn","AL173","Female",0,0,0,0,0,0,0,0,0,0,0,3,0,0,0,1796.595,0,8,108,60,626.334,0,0,0,0,1
"120","AL173_AL177","20190713","Early_Morn","AL177","Male",0,0,0,0,0,0,0,0,0,0,0,3,0,9,0,1796.595,0,17,102,60,639.898,0,0,0,0,3
"121","AL178_AL181","20190525","Mid-Morn","AL178","Female",0,0,0,0,0,0,0,0,0,6,0,2,0,0,571.765,1231.963,0,14,18,8,791.636,0,0,0,0,4
"122","AL178_AL181","20190525","Mid-Morn","AL181","Male",0,0,0,21,0,0,0,0,0,0,0,0,0,91,491.142,1312.586,0,31,0,9,785.991,0,0,0,0,2
"123","AL178_AL181","20190603","Early_Morn","AL178","Female",0,0,0,5,0,0,0,0,10,5,0,33,6,27,105.267,1692.892,0,24,0,1,734.152000000001,0,0,0,0,4
"124","AL178_AL181","20190603","Early_Morn","AL181","Male",0,0,0,0,0,0,0,0,2,2,0,28,2,30,81.35,1716.809,0,30,0,2,791.773,0,0,0,0,10
"125","AL178_AL181","20190618","Afternoon","AL178","Female",0,0,0,0,0,0,0,0,0,0,0,3,0,0,13.085,1784.798,0,10,0,2,152.138,0,0,1548.127,0,1
"126","AL178_AL181","20190618","Afternoon","AL181","Male",0,0,0,0,0,0,0,0,0,0,0,7,0,2,274.558,1523.325,0,12,4,2,1243.399,0,0,0,0,3
"127","AL178_AL181","20190628","Afternoon","AL178","Female",0,0,0,0,0,3,0,0,0,0,0,0,0,0,0,1791.298,0,7,0,27,213.339,0,0,1526.508,0,0
"128","AL178_AL181","20190628","Afternoon","AL181","Male",0,5,0,0,0,0,0,0,0,0,0,1,0,0,0,1791.298,0,13,3,25,1636.283,0,0,0,0,1
"129","AL178_AL181","20190702","Early_Morn","AL178","Female",0,0,0,0,0,0,0,0,0,0,0,2,0,0,0,1799.089,0,8,0,6,136.538,0,0,1585.687,0,0
"130","AL178_AL181","20190702","Early_Morn","AL181","Male",0,5,0,0,0,0,0,0,0,2,0,4,0,44,0,1799.089,0,29,22,7,1169.421,0,0,0,0,3
"131","AL178_AL181","20190712","Mid-Morn","AL178","Female",0,0,0,0,0,0,0,0,0,0,6,4,0,1,0,1795.994,0,4,0,4,82.435,0,0,1575.757,0,1
"132","AL178_AL181","20190712","Mid-Morn","AL181","Male",1,0,0,1,0,0,0,0,0,0,2,21,0,2,0,1795.994,0,23,7,5,1294.466,0,0,12.4010000000001,0,2
"133","AL184_AL124","20190525","Mid-Morn","AL124","Male",0,4,11,0,0,0,0,0,0,0,0,13,0,26,226.288,1568.858,0,26,20,36,701.166,0,0,0,0,3
"134","AL184_AL124","20190525","Mid-Morn","AL184","Female",0,1,0,0,0,39,0,0,0,0,0,16,0,1,351.957,1443.189,0,14,13,32,755.022,0,0,0,0,1
"135","AL184_AL124","20190603","Early_Morn","AL124","Male",0,0,2,0,0,1,0,0,0,5,0,33,0,40,109.422,1689.759,0,22,0,30,842.442,0,0,0,0,5
"136","AL184_AL124","20190603","Early_Morn","AL184","Female",0,1,0,0,0,4,0,0,0,5,0,33,0,23,0,1799.181,0,13,0,27,1031.109,0,0,0,0,1
"137","AL184_AL124","20190612","Afternoon","AL124","Male",0,1,9,0,0,0,0,0,0,2,0,38,0,32,233.689,1561.475,0,19,2,5,621.625,0,0,0,0,23
"138","AL184_AL124","20190612","Afternoon","AL184","Female",0,0,0,0,0,0,0,0,0,0,0,69,0,0,222.354,1572.81,0,7,0,2,698.202,0,0,0,0,1
"139","AL184_AL124","20190628","Afternoon","AL124","Male",0,0,0,0,0,0,0,0,0,0,0,59,0,0,0,1793.23,0,15,1,58,1032.216,0,0,0,0,0
"140","AL184_AL124","20190628","Afternoon","AL184","Female",0,0,0,0,0,38,0,0,0,2,0,44,0,10,0,1793.23,0,13,1,59,1021.632,0,0,0,0,11
"141","AL184_AL124","20190702","Early_Morn","AL124","Male",2,1,0,0,0,0,0,5,4,9,0,24,12,31,0,1799.046,0,24,22,32,928.826999999999,0,0,0,0,0
"142","AL184_AL124","20190702","Early_Morn","AL184","Female",0,0,0,0,0,71,0,5,9,5,0,7,16,18,0,1799.046,0,13,16,28,1018.222,0,0,0,0,0
"143","AL184_AL124","20190712","Mid-Morn","AL124","Male",0,0,0,0,0,0,0,0,1,4,0,20,4,0,0,1799.527,0,11,32,4,1108.905,0,0,0,0,6
"144","AL184_AL124","20190712","Mid-Morn","AL184","Female",0,0,0,0,0,1,0,0,53,2,0,16,54,1,0,1799.527,0,8,9,4,360.708,0,0,428.705,0,0
"145","AL193_AL213","20190523","Mid-Morn","AL193","Female",0,3,0,0,0,0,0,0,12,0,0,34,19,2,67.8180000000002,1728.476,0,24,1,4,489.692,0,0,0,0,8
"146","AL193_AL213","20190523","Mid-Morn","AL213","Male",1,1,0,0,0,0,0,0,7,6,0,23,5,82,14.616,1781.678,0,42,5,3,715.036,0,0,0,0,5
"147","AL193_AL213","20190602","Afternoon","AL193","Female",0,1,0,0,0,0,0,0,0,0,0,20,0,4,0,1798.746,0,10,6,86,1371.782,0,0,0,0,6
"148","AL193_AL213","20190602","Afternoon","AL213","Male",0,7,0,0,0,0,0,0,3,0,0,11,4,25,0,1798.746,0,25,0,91,1391.321,0,0,0,0,10
"149","AL193_AL213","20190619","Early_Morn","AL193","Female",0,6,0,0,0,0,0,0,0,2,0,6,0,1,0,1799.593,0,6,60,22,1052.251,0,0,0,0,0
"150","AL193_AL213","20190619","Early_Morn","AL213","Male",0,9,0,0,0,0,0,0,0,16,0,0,0,26,3.73400000000004,1795.859,0,28,27,24,859.131,0,0,0,0,39
"151","AL193_AL213","20190629","Early_Morn","AL193","Female",0,3,2,7,0,0,0,0,0,9,0,19,0,38,0,1797.492,0,28,3,27,1139.179,0,1,0,0,9
"152","AL193_AL213","20190629","Early_Morn","AL213","Male",0,2,2,0,0,0,0,0,0,7,0,4,0,99,0,1797.492,0,17,1,28,1357.851,0,0,0,0,2
"153","AL193_AL213","20190710","Mid-Morn","AL193","Female",0,0,7,0,0,0,0,0,0,2,0,3,0,1,0,1797.878,0,19,89,30,666.213,0,1,0,0,12
"154","AL193_AL213","20190710","Mid-Morn","AL213","Male",0,7,2,0,0,0,0,0,0,4,0,3,0,0,0,1797.878,0,22,13,28,1488.276,0,1,0,0,6
"155","AL193_AL213","20190718","Afternoon","AL193","Female",0,1,1,0,0,0,0,0,0,0,0,32,0,1,152.504,1646.758,0,11,59,82,674.011,0,0,0,0,1
"156","AL193_AL213","20190718","Afternoon","AL213","Male",0,22,1,0,0,0,0,0,0,0,0,8,0,0,0,1799.262,0,28,26,85,1173.428,0,0,0,0,6
"157","AL195_AL164","20190524","Mid-Morn","AL164","Male",0,6,0,0,0,0,0,0,0,6,0,10,0,12,29.499,1769.06,0,33,1,27,1235.437,0,0,0,0,5
"158","AL195_AL164","20190524","Mid-Morn","AL195","Female",0,3,1,0,0,0,0,0,0,2,0,6,0,0,10.301,1788.258,0,7,25,26,1129.78,0,0,0,0,2
"159","AL195_AL164","20190604","Early_Morn","AL164","Male",0,0,0,0,0,0,0,0,0,1,0,14,0,0,0,1798.562,0,17,81,2,760.738,0,0,0,0,2
"160","AL195_AL164","20190604","Early_Morn","AL195","Female",0,0,0,0,0,0,0,0,0,0,0,0,0,5,0,1798.562,0,0,0,0,0,0,0,1735.141,0,0
"161","AL195_AL164","20190617","Afternoon","AL164","Male",0,0,0,0,0,0,0,0,0,0,0,54,0,4,144.918,1642.677,0,14,4,0,877.98,0,0,0,0,1
"162","AL195_AL164","20190617","Afternoon","AL195","Female",0,0,0,0,0,0,0,0,0,4,0,15,0,43,1.81600000000003,1785.779,0,12,3,1,373.811,0,0,940.659,0,5
"163","AL195_AL164","20190630","Afternoon","AL164","Male",0,0,0,0,0,0,0,0,0,2,0,0,0,0,1746.711,50.855,0,2,0,0,43.9359999999999,0,0,0,0,1
"164","AL195_AL164","20190630","Afternoon","AL195","Female",0,0,0,0,0,0,0,0,0,2,0,23,0,4,0,1797.566,0,9,7,0,1367.837,0,0,0,0,2
"165","AL195_AL164","20190705","Mid-Morn","AL164","Male",0,5,0,0,0,0,0,0,0,3,0,2,0,0,26.3019999999999,1771.189,0,9,50,7,1191.269,0,0,0,0,0
"166","AL195_AL164","20190705","Mid-Morn","AL195","Female",0,0,0,4,0,0,0,0,0,2,0,0,0,14,0,1797.491,0,5,13,7,87.6259999999995,0,0,1545.941,0,3
"167","AL195_AL164","20190720","Early_Morn","AL164","Male",1,13,0,0,0,0,0,0,0,4,0,25,8,38,0,1796.499,0,33,13,54,970.957,0,0,0,0,4
"168","AL195_AL164","20190720","Early_Morn","AL195","Female",0,1,0,0,0,2,0,0,0,2,0,0,0,15,0,1796.499,0,3,11,52,31.2019999999999,0,0,1510.847,0,2
"169","AL197_AL209","20190524","Mid-Morn","AL197","Female",0,8,0,0,0,0,0,0,8,0,0,27,20,4,24.636,1772.827,0,27,6,19,556.581,0,0,0,0,1
"170","AL197_AL209","20190524","Mid-Morn","AL209","Male",0,1,2,0,0,0,0,0,3,0,0,28,18,44,86.2889999999999,1711.174,0,26,0,15,539.686,0,0,0,0,11
"171","AL197_AL209","20190604","Afternoon","AL197","Female",0,5,0,0,0,0,0,0,0,1,0,17,1,23,191.554,1599.372,0,17,29,20,788.048,0,0,0,0,1
"172","AL197_AL209","20190604","Afternoon","AL209","Male",0,6,2,0,0,0,0,0,15,1,0,14,22,0,188.589,1602.337,0,23,4,19,762.95,0,0,0,0,12
"173","AL197_AL209","20190620","Early_Morn","AL197","Female",0,4,0,0,0,0,0,0,4,1,0,90,7,30,0,1797.581,0,15,0,58,426.884,0,0,0,0,1
"174","AL197_AL209","20190620","Early_Morn","AL209","Male",0,4,0,0,0,0,0,0,0,1,0,89,7,18,0,1797.581,0,12,0,61,340.559,0,0,0,0,14
"175","AL197_AL209","20190630","Afternoon","AL197","Female",0,13,0,0,0,2,0,0,16,0,0,8,7,15,58.9359999999999,1736.06,0,11,16,31,328.544,0,1,580.518,0,0
"176","AL197_AL209","20190630","Afternoon","AL209","Male",2,1,0,0,0,0,0,0,0,0,0,20,1,0,58.6510000000001,1736.345,0,17,30,32,943.344,0,1,0,0,2
"177","AL197_AL209","20190705","Early_Morn","AL197","Female",0,2,0,0,0,0,0,0,0,3,0,2,1,0,0,1798.809,0,5,0,28,225.674,0,0,1514.721,0,0
"178","AL197_AL209","20190705","Early_Morn","AL209","Male",3,3,0,0,0,0,0,0,3,1,0,17,1,0,0,1798.809,0,30,80,35,619.226000000001,0,0,0,0,4
"179","AL197_AL209","20190720","Mid-Morn","AL197","Female",0,12,0,0,0,0,0,0,0,2,0,4,0,1,26.0839999999998,1771.924,0,16,46,26,163.188,0,0,956.156,0,3
"180","AL197_AL209","20190720","Mid-Morn","AL209","Male",1,0,0,0,3,0,0,0,0,1,0,40,0,0,16.3989999999999,1781.609,0,32,35,30,629.135000000001,0,0,0,0,28
"181","AL198_AL201","20190524","Afternoon","AL198","Female",0,2,0,0,0,1,0,0,0,0,0,12,2,0,442.645,1348.019,0,23,18,18,593.726999999999,0,0,0,0,2
"182","AL198_AL201","20190524","Afternoon","AL201","Male",0,12,0,0,0,0,0,0,0,1,0,11,6,0,225.14,1565.524,0,38,3,18,838.649,0,0,0,0,0
"183","AL198_AL201","20190604","Early_Morn","AL198","Female",0,0,0,0,0,0,0,0,22,0,0,0,65,61,0,1794.862,0,10,25,1,227.986000000001,0,0,0,0,0
"184","AL198_AL201","20190604","Early_Morn","AL201","Male",4,0,0,0,0,0,0,0,3,2,0,2,12,0,42.201,1752.661,0,39,38,9,927.769,0,0,0,0,0
"185","AL198_AL201","20190617","Mid-Morn","AL198","Female",0,0,0,0,0,0,0,0,0,0,0,0,0,0,0,1793.612,0,4,14,10,157.304,0,0,1445.87,0,1
"186","AL198_AL201","20190617","Mid-Morn","AL201","Male",1,0,0,0,0,0,0,0,0,4,0,10,3,0,0,1793.612,0,17,54,11,927.418,0,0,0,0,2
"187","AL198_AL201","20190630","Early_Morn","AL198","Female",0,0,0,0,0,17,0,0,0,0,0,0,0,5,0,1794.626,0,2,0,16,5.46800000000002,0,0,1682.441,0,0
"188","AL198_AL201","20190630","Early_Morn","AL201","Male",0,1,0,0,0,0,0,0,0,7,0,11,0,0,43.5509999999999,1751.075,0,24,0,15,1426.149,0,0,0,0,7
"189","AL198_AL201","20190705","Mid-Morn","AL198","Female",0,0,0,0,0,18,0,0,0,0,0,25,7,6,70.6859999999999,1727.008,0,15,27,41,966.054,0,0,0,0,3
"190","AL198_AL201","20190705","Mid-Morn","AL201","Male",0,0,0,0,0,0,0,0,0,1,0,19,4,0,30.6689999999999,1767.025,0,21,59,40,799.823,0,0,0,0,3
"191","AL198_AL201","20190720","Afternoon","AL198","Female",0,0,0,0,0,12,0,0,0,0,0,1,0,10,79.135,1716.679,0,8,38,67,1193.471,0,0,0,0,0
"192","AL198_AL201","20190720","Afternoon","AL201","Male",0,0,0,0,0,0,0,0,0,0,0,23,0,0,96.5670000000001,1699.247,0,24,8,70,1292.776,0,0,0,0,1
"193","AL204_AL208","20190523","Early_Morn","AL204","Female",0,0,0,0,0,0,0,0,0,0,0,3,0,4,46.902,1749.007,0,15,0,0,69.9819999999999,0,0,1403.12,0,0
"194","AL204_AL208","20190523","Early_Morn","AL208","Male",0,0,0,15,0,0,0,0,0,17,0,5,0,67,33.749,1762.16,0,55,0,0,682.549999999999,0,0,0,0,8
"195","AL204_AL208","20190602","Mid-Morn","AL204","Female",0,0,0,0,0,0,0,0,0,4,0,4,0,2,14.817,1780.179,0,16,0,0,121.751,0,0,1504.706,0,2
"196","AL204_AL208","20190602","Mid-Morn","AL208","Male",0,0,0,0,0,0,0,0,0,6,0,12,0,47,0,1794.996,0,22,41,0,890.726,0,0,0,0,13
"197","AL204_AL208","20190619","Afternoon","AL204","Female",0,0,0,0,0,0,0,0,0,3,0,10,0,0,0,1798.026,0,26,17,26,1255.85,0,0,0,0,4
"198","AL204_AL208","20190619","Afternoon","AL208","Male",0,0,0,0,0,0,0,0,0,10,0,10,0,33,0,1798.026,0,18,0,27,1507.86,0,0,0,0,0
"199","AL204_AL208","20190629","Mid-Morn","AL204","Female",0,0,0,0,0,0,0,0,0,2,0,29,0,0,0,1796.394,0,20,29,6,1049.993,0,0,0,0,0
"200","AL204_AL208","20190629","Mid-Morn","AL208","Male",0,0,0,0,0,0,0,0,0,4,0,10,0,0,0,1796.394,0,25,0,2,1450.077,0,0,0,0,16
"201","AL204_AL208","20190710","Afternoon","AL204","Female",0,0,0,0,0,0,0,0,0,1,0,35,0,0,207.022,1591.21,0,21,49,0,664.908,0,0,0,0,1
"202","AL204_AL208","20190710","Afternoon","AL208","Male",0,0,0,0,0,0,0,0,0,2,0,18,0,0,34.2659999999998,1763.966,0,8,19,0,1375.217,0,0,0,0,0
"203","AL204_AL208","20190718","Early_Morn","AL204","Female",0,0,0,0,0,0,0,0,0,4,0,19,0,0,9.60099999999989,1786.427,0,25,63,1,820.737999999999,0,0,0,0,6
"204","AL204_AL208","20190718","Early_Morn","AL208","Male",0,0,0,0,0,0,0,0,0,2,0,6,0,0,9.6819999999999,1786.346,0,14,33,0,1284.378,0,0,0,0,3
"205","AL207_AL186","20190524","Afternoon","AL186","Male",0,2,0,0,0,0,0,0,0,5,0,5,0,0,0,1795.563,0,30,30,4,1062.463,0,0,0,0,3
"206","AL207_AL186","20190524","Afternoon","AL207","Female",0,0,0,0,0,0,0,0,2,3,0,10,0,0,0,1795.563,0,13,7,0,222.354,0,0,1122.082,0,1
"207","AL207_AL186","20190604","Mid-Morn","AL186","Male",1,10,0,0,0,0,0,0,0,1,0,27,18,0,0,1793.896,0,14,77,1,376.917,0,0,0,0,8
"208","AL207_AL186","20190604","Mid-Morn","AL207","Female",0,2,0,0,0,0,0,0,0,0,0,0,0,0,0,1793.896,0,0,2,0,0,0,0,1728.258,0,0
"209","AL207_AL186","20190617","Early_Morn","AL186","Male",1,1,0,0,0,0,0,0,0,7,0,12,13,0,0,1798.759,0,31,46,39,746.181,0,0,0,0,8
"210","AL207_AL186","20190617","Early_Morn","AL207","Female",0,2,0,0,0,0,0,0,0,0,0,0,0,6,0,1798.759,0,0,0,35,0,0,0,1738.757,0,0
"211","AL207_AL186","20190630","Mid-Morn","AL186","Male",0,0,0,0,0,0,0,0,0,3,0,48,1,6,159.255,1639.822,0,18,30,23,616.724,0,0,0,0,2
"212","AL207_AL186","20190630","Mid-Morn","AL207","Female",0,0,1,0,0,2,0,0,0,3,0,33,0,26,2.601,1796.476,0,22,0,24,302.447,0,0,871.754,0,7
"213","AL207_AL186","20190720","Early_Morn","AL186","Male",0,11,2,0,0,0,0,0,0,4,0,31,0,0,157.003,1639.564,0,28,33,80,806.220999999999,0,0,0,0,5
"214","AL207_AL186","20190720","Early_Morn","AL207","Female",0,28,0,0,0,6,0,0,0,1,0,29,0,1,99.552,1697.015,0,26,21,85,813.566,0,0,0,0,3
"215","AL216_AL159","20190525","Afternoon","AL159","Male",0,0,0,0,0,0,0,0,0,1,0,22,0,2,1166.227,630.566,0,15,0,0,159.975,0,0,0,0,1
"216","AL216_AL159","20190525","Afternoon","AL216","Female",0,0,0,0,0,0,0,0,0,0,0,2,0,4,68.4050000000001,1728.388,0,8,0,1,119.253,0,0,1480.452,0,3
"217","AL216_AL159","20190603","Mid-Morn","AL159","Male",0,16,0,0,0,0,0,0,0,2,0,14,0,0,731.903,1065.007,0,15,0,18,418.568,0,0,0,0,12
"218","AL216_AL159","20190603","Mid-Morn","AL216","Female",0,4,0,0,3,0,0,0,0,1,0,0,0,0,1046.609,750.301,0,7,2,16,464.257,0,0,0,0,9
"219","AL216_AL159","20190612","Early_Morn","AL159","Male",0,0,0,0,0,0,0,0,0,0,0,12,0,8,860.005,927.404,0,17,2,12,489.454,0,0,0,0,1
"220","AL216_AL159","20190612","Early_Morn","AL216","Female",0,0,0,0,0,0,0,0,0,0,0,8,0,4,789.538,997.871,0,12,3,13,642.027,0,0,0,0,7
"221","AL216_AL159","20190628","Mid-Morn","AL159","Male",0,2,0,0,0,0,0,0,0,2,0,29,0,0,903.134,892.488,0,20,0,7,427.816,0,0,0,0,1
"222","AL216_AL159","20190628","Mid-Morn","AL216","Female",0,0,1,0,2,3,0,0,0,0,0,14,0,1,295.991,1499.631,0,18,65,5,446.237,0,0,0,0,3
"223","AL216_AL159","20190702","Afternoon","AL159","Male",0,0,0,0,0,0,0,0,0,1,0,19,0,8,1320.455,474.281,0,12,0,1,157.66,0,0,0,0,2
"224","AL216_AL159","20190702","Afternoon","AL216","Female",0,0,0,0,0,3,0,0,0,0,0,19,4,1,590.724,1204.012,0,11,1,1,808.912,0,0,0,0,0
"225","AL223_AL156","20190527","Mid-Morn","AL156","Male",0,5,0,0,0,0,0,0,0,2,0,74,0,16,0,1797.528,0,5,51,52,107.801,0,0,0,0,1
"226","AL223_AL156","20190527","Mid-Morn","AL223","Female",0,1,1,0,0,0,0,0,0,1,0,81,0,2,0,1797.528,0,5,30,54,340.462,0,0,0,0,5
"227","AL223_AL156","20190605","Early_Morn","AL156","Male",1,2,2,0,0,0,0,0,0,2,0,33,3,103,0,1797.595,0,32,0,25,820.804999999999,0,0,0,0,2
"228","AL223_AL156","20190605","Early_Morn","AL223","Female",0,0,1,0,0,0,0,0,1,2,0,17,17,23,0,1797.595,0,41,0,21,899.348,3,0,0,0,9
"229","AL223_AL156","20190620","Afternoon","AL156","Male",0,5,1,0,0,0,0,0,3,0,0,27,0,0,0,1792.478,0,9,14,129,1333.37,0,0,0,0,0
"230","AL223_AL156","20190620","Afternoon","AL223","Female",0,0,1,0,0,1,0,0,2,0,0,29,0,8,0,1792.478,0,8,55,130,919.178,0,0,0,0,2
"231","AL223_AL156","20190623","Mid-Morn","AL156","Male",0,2,10,0,0,0,0,0,6,0,0,22,8,55,0,1796.796,0,21,44,96,702.509,0,0,0,0,6
"232","AL223_AL156","20190623","Mid-Morn","AL223","Female",0,2,9,0,0,0,0,0,0,1,0,37,4,6,0,1796.796,0,24,33,96,889.494,2,0,0,0,0
"233","AL223_AL156","20190703","Early_Morn","AL156","Male",0,9,3,0,0,0,0,0,0,12,0,23,3,10,33.617,1760.927,0,37,23,35,784.504,0,1,0,1,8
"234","AL223_AL156","20190703","Early_Morn","AL223","Female",0,3,0,0,0,0,0,0,7,13,0,8,12,5,0,1794.544,0,26,28,33,894.658,0,0,0,0,11
"235","AL223_AL156","20190719","Afternoon","AL156","Male",0,2,0,0,0,0,0,0,0,0,0,34,0,0,0,1798.777,0,15,22,119,1163.89,0,0,0,0,4
"236","AL223_AL156","20190719","Afternoon","AL223","Female",0,4,0,0,0,0,0,0,0,0,0,25,0,0,0,1798.777,0,10,0,115,1493.703,0,0,0,0,0
"237","AL225_AL075","20190526","Afternoon","AL075","Male",1,0,0,0,0,0,0,0,5,4,0,9,33,24,126.62,1822.897,0,29,6,2,631.324,0,0,0,0,2
"238","AL225_AL075","20190526","Afternoon","AL225","Female",0,0,0,14,0,2,0,0,1,3,0,16,2,27,0,1949.517,0,20,14,1,1010.607,0,0,0,0,1
"239","AL225_AL075","20190608","Early_Morn","AL075","Male",0,0,0,1,0,0,0,0,1,3,0,7,7,36,188.256,1640.056,0,21,35,0,774.647,0,0,0,0,5
"240","AL225_AL075","20190608","Early_Morn","AL225","Female",0,0,0,1,0,0,0,0,0,5,0,8,0,83,1.767,1826.545,0,11,29,0,1052.349,0,0,0,0,0
"241","AL225_AL075","20190612","Mid-Morn","AL075","Male",0,0,0,0,0,0,0,0,0,9,0,17,2,40,0,1797.689,0,21,31,0,925.716,0,0,0,0,7
"242","AL225_AL075","20190612","Mid-Morn","AL225","Female",0,0,0,0,0,0,0,0,0,6,0,0,0,0,0,1797.689,0,15,9,0,1657.192,0,0,0,0,0
"243","AL225_AL075","20190624","Mid-Morn","AL075","Male",0,0,0,0,0,0,0,0,0,3,0,5,0,0,0,1795.578,0,12,0,0,1696.97,0,0,0,0,1
"244","AL225_AL075","20190624","Mid-Morn","AL225","Female",0,0,0,0,0,0,0,0,0,2,0,21,0,0,0,1795.578,0,11,48,0,978.348,0,0,0,0,0
"245","AL225_AL075","20190704","Early_Morn","AL075","Male",0,2,5,0,0,0,0,0,0,1,0,6,0,5,0,1796.857,0,9,44,94,1224.586,0,0,0,0,1
"246","AL225_AL075","20190704","Early_Morn","AL225","Female",0,20,0,0,0,0,0,0,0,6,0,16,0,29,0,1796.857,0,21,34,97,660.523,0,1,0,0,28
"247","AL225_AL075","20190713","Afternoon","AL075","Male",0,0,3,0,0,4,0,0,0,0,0,30,0,0,206.439,1591.444,0,17,3,38,1104.132,0,1,0,0,0
"248","AL225_AL075","20190713","Afternoon","AL225","Female",0,5,6,1,0,0,0,0,0,2,0,33,0,4,121.807,1676.076,0,29,0,45,1042.781,0,1,0,0,5
"249","AL226_AL229","20190527","Afternoon","AL226","Female",0,6,0,0,0,0,0,0,0,1,0,76,0,0,0,1798.196,0,4,2,64,818.933,0,1,0,0,2
"250","AL226_AL229","20190527","Afternoon","AL229","Male",0,2,0,0,0,0,0,0,0,1,0,49,0,7,15.634,1782.562,0,18,9,67,765.798,7,0,0,0,23
"251","AL226_AL229","20190605","Early_Morn","AL226","Female",0,2,0,0,0,0,0,0,0,0,0,33,0,15,204.221,1595.256,0,16,59,91,471.76,0,0,0,0,3
"252","AL226_AL229","20190605","Early_Morn","AL229","Male",0,3,0,0,0,0,0,0,0,0,0,41,0,0,181.638,1617.839,0,17,58,94,441.08,0,0,0,0,2
"253","AL226_AL229","20190620","Mid-Morn","AL226","Female",0,1,0,0,0,0,0,0,0,3,0,55,1,7,0,1798.897,0,15,22,79,840.026999999999,0,1,0,0,0
"254","AL226_AL229","20190620","Mid-Morn","AL229","Male",0,12,0,0,0,0,0,0,0,1,0,22,0,4,0,1798.897,0,15,1,81,1333.504,0,2,0,0,3
"255","AL226_AL229","20190623","Afternoon","AL226","Female",0,18,0,0,1,0,0,0,0,3,0,42,0,0,123.922,1670.428,0,7,41,79,473.116999999999,0,0,0,0,2
"256","AL226_AL229","20190623","Afternoon","AL229","Male",0,6,0,0,0,0,0,0,0,1,0,42,0,0,159.601,1634.749,0,8,51,80,466.913,0,0,0,0,5
"257","AL226_AL229","20190703","Mid-Morn","AL226","Female",0,1,0,0,0,0,0,0,0,3,0,13,0,13,0,1797.991,0,10,65,73,833.785,0,0,0,0,3
"258","AL226_AL229","20190703","Mid-Morn","AL229","Male",0,5,1,0,0,0,0,0,0,5,0,22,0,1,0,1797.991,0,17,64,77,689.59,5,0,0,0,7
"259","AL226_AL229","20190719","Early_Morn","AL226","Female",0,1,10,0,0,0,0,0,0,2,0,17,0,16,0,1797.577,0,21,73,26,707.279,0,0,0,0,9
"260","AL226_AL229","20190719","Early_Morn","AL229","Male",1,0,17,0,0,0,0,0,0,4,0,19,0,0,27.9179999999999,1769.659,0,38,58,33,703.558,0,1,0,0,19
"261","AL228_AL221","20190527","Mid-Morn","AL221","Male",0,0,8,0,0,0,0,0,0,1,0,8,0,0,0,1798.762,0,25,34,3,951.317,0,0,0,0,15
"262","AL228_AL221","20190527","Mid-Morn","AL228","Female",0,0,0,0,0,0,0,0,7,2,0,3,0,8,0,1798.762,0,7,59,1,664.724999999999,0,0,178.292,0,6
"263","AL228_AL221","20190605","Afternoon","AL221","Male",1,16,0,0,0,0,0,0,0,0,0,23,0,0,0,1793.492,0,29,71,27,537.084,0,0,0,0,3
"264","AL228_AL221","20190605","Afternoon","AL228","Female",1,3,0,0,0,0,0,0,0,0,0,1,0,0,0,1793.492,0,0,13,20,0,0,0,1610.581,0,0
"265","AL228_AL221","20190620","Early_Morn","AL221","Male",1,5,30,0,3,0,0,0,0,3,0,18,1,38,0,1796.278,0,62,16,23,845.568,0,0,0,0,29
"266","AL228_AL221","20190620","Early_Morn","AL228","Female",0,0,0,0,0,0,0,0,0,4,0,4,0,29,0,1796.278,0,18,0,16,236.398,0,0,1328.04,0,6
"267","AL228_AL221","20190623","Afternoon","AL221","Male",0,0,10,0,0,0,0,0,0,2,0,76,0,0,0,1797.85,0,30,1,16,637.642,0,0,0,0,18
"268","AL228_AL221","20190623","Afternoon","AL228","Female",0,0,12,0,0,0,0,0,0,7,0,56,0,50,0,1797.85,0,21,5,12,701.85,0,1,0,0,9
"269","AL228_AL221","20190703","Early_Morn","AL221","Male",0,0,20,0,0,0,0,0,0,2,0,6,2,0,0,1796.296,0,40,43,20,1015.017,0,0,0,0,11
"270","AL228_AL221","20190703","Early_Morn","AL228","Female",0,3,0,0,0,0,0,0,0,0,0,2,0,9,0,1796.296,0,0,0,15,0,0,0,1738.699,0,0
"271","AL228_AL221","20190719","Mid-Morn","AL221","Male",0,5,1,0,0,0,0,0,0,2,0,4,3,21,0,1797.547,0,22,58,24,945.866,0,1,0,0,9
"272","AL228_AL221","20190719","Mid-Morn","AL228","Female",0,2,0,0,0,0,0,0,0,2,0,28,0,0,0,1797.547,0,15,72,21,803.87,0,1,0,0,3
"273","AL231_AL163","20190526","Mid-Morn","AL163","Male",2,0,8,0,0,0,0,0,0,1,6,4,0,0,142.224,1654.287,0,32,1,6,825.385,0,0,0,0,8
"274","AL231_AL163","20190526","Mid-Morn","AL231","Female",0,0,0,0,0,42,0,0,0,10,0,5,0,0,158.585,1637.926,0,12,17,5,526.717,0,0,323.274,0,2
"275","AL231_AL163","20190608","Afternoon","AL163","Male",0,0,0,0,0,0,0,0,0,0,0,3,0,1,1629.607,166.937,0,5,0,0,81.9690000000001,0,0,0,0,0
"276","AL231_AL163","20190608","Afternoon","AL231","Female",0,0,0,0,0,0,0,0,0,2,0,0,0,0,1752.475,44.069,0,0,0,0,43.4660000000001,0,0,0,0,0
"277","AL231_AL163","20190618","Early_Morn","AL163","Male",0,0,0,0,0,0,0,0,0,0,0,3,0,29,5.81700000000001,1791.063,0,43,17,0,1284.022,0,0,0,0,3
"278","AL231_AL163","20190618","Early_Morn","AL231","Female",0,0,0,0,0,0,0,0,0,0,0,0,0,0,0,1796.88,0,0,0,0,22.601,0,0,1738.797,0,0
"279","AL231_AL163","20190624","Early_Morn","AL163","Male",1,3,0,0,0,0,0,0,0,2,0,1,9,60,0,1801.261,0,25,21,27,1186.734,0,0,0,0,3
"280","AL231_AL163","20190624","Early_Morn","AL231","Female",0,1,1,0,0,0,0,0,0,0,0,0,0,0,0,1801.261,0,2,11,25,51.5200000000001,0,0,1577.803,0,1
"281","AL231_AL163","20190704","Afternoon","AL163","Male",0,4,0,0,0,0,0,0,0,0,0,20,0,0,188.77,1608.563,0,51,15,5,1077.005,0,0,0,0,2
"282","AL231_AL163","20190704","Afternoon","AL231","Female",0,0,0,0,0,0,0,0,0,0,0,1,0,0,15.817,1781.516,0,2,0,3,63.001,0,0,1713.766,0,0
"283","AL231_AL163","20190713","Mid-Morn","AL163","Male",0,4,0,0,0,0,0,0,0,0,0,6,3,3,154.853,1635.558,0,28,59,17,804.23,0,0,0,0,1
"284","AL231_AL163","20190713","Mid-Morn","AL231","Female",0,0,0,0,0,0,0,0,0,1,0,2,12,0,31.9180000000001,1758.493,0,5,106,14,444.251,0,0,0,0,0
"285","AL238_AL234","20190527","Early_Morn","AL234","Male",0,0,0,0,0,0,0,0,0,0,0,10,1,1,0,1795.531,0,47,15,14,1158.656,0,0,0,0,7
"286","AL238_AL234","20190527","Early_Morn","AL238","Female",0,0,0,0,0,0,0,0,0,0,0,5,0,34,0,1795.531,0,33,1,13,1440.522,0,0,0,0,1
"287","AL238_AL234","20190605","Mid-Morn","AL234","Male",0,0,0,0,0,0,0,0,0,0,0,7,2,42,0,1798.118,0,33,0,10,1308.98,0,0,0,0,8
"288","AL238_AL234","20190605","Mid-Morn","AL238","Female",0,0,0,0,0,0,0,0,0,0,0,0,0,1,192.391,1605.727,0,36,6,17,1020.223,0,0,0,0,27
"289","AL238_AL234","20190620","Afternoon","AL234","Male",0,0,0,3,0,0,0,0,0,2,0,6,2,31,0,1798.426,0,22,5,0,1253.176,0,0,0,0,24
"290","AL238_AL234","20190620","Afternoon","AL238","Female",0,0,0,0,0,0,0,0,0,0,0,8,0,1,0,1798.426,0,19,21,0,894.694,0,0,509.877,0,1
"291","AL238_AL234","20190623","Early_Morn","AL234","Male",0,4,0,2,0,0,0,0,0,0,0,7,0,56,0,1795.669,0,41,4,10,1269.366,0,0,0,0,2
"292","AL238_AL234","20190623","Early_Morn","AL238","Female",0,4,0,0,0,0,0,0,0,0,0,14,0,0,0,1795.669,0,38,5,6,1369.488,0,0,0,0,3
"293","AL238_AL234","20190703","Mid-Morn","AL234","Male",0,1,0,3,0,0,0,0,0,0,0,46,3,16,0,1798.166,0,29,2,23,811.072000000001,0,0,0,0,32
"294","AL238_AL234","20190703","Mid-Morn","AL238","Female",0,1,0,0,3,0,0,0,0,0,0,20,0,0,24.015,1774.151,0,24,45,22,969.008000000001,0,0,0,0,5
"295","AL238_AL234","20190719","Afternoon","AL234","Male",0,3,1,3,0,0,0,0,0,0,0,2,8,15,0,1808.169,0,28,27,17,974.469,0,0,0,0,35
"296","AL238_AL234","20190719","Afternoon","AL238","Female",0,0,1,0,0,0,0,0,0,0,0,0,0,0,0,1808.169,0,12,61,17,1125.289,0,0,0,0,2
"297","AL249_AL257","20190527","Early_Morn","AL249","Female",0,1,0,0,0,0,0,0,0,4,0,49,0,1,0,1797.83,0,18,0,19,796.635,0,0,0,0,16
"298","AL249_AL257","20190527","Early_Morn","AL257","Male",0,2,0,0,0,0,0,0,0,5,0,45,0,0,0,1797.83,0,27,0,23,1011.924,0,0,0,0,7
"299","AL249_AL257","20190605","Afternoon","AL249","Female",0,1,2,0,0,0,0,0,1,1,0,77,0,0,0,1796.576,0,17,11,57,620.916999999999,5,1,0,0,11
"300","AL249_AL257","20190605","Afternoon","AL257","Male",0,3,6,0,0,0,0,0,6,1,0,66,0,0,0,1796.576,0,13,3,63,874.498,5,1,0,0,1
"301","AL249_AL257","20190620","Mid-Morn","AL249","Female",0,0,1,0,0,0,0,0,0,1,0,6,0,0,0,1796.129,0,15,54,24,1120.852,0,0,0,0,6
"302","AL249_AL257","20190620","Mid-Morn","AL257","Male",0,5,2,0,0,0,0,0,0,1,0,4,0,0,0,1796.129,0,11,55,25,891.059,0,0,0,0,26
"303","AL249_AL257","20190623","Mid-Morn","AL249","Female",0,4,1,0,0,0,0,0,0,2,0,28,0,0,185.321,1613.61,0,16,27,31,851.58,0,0,0,0,1
"304","AL249_AL257","20190623","Mid-Morn","AL257","Male",0,5,4,0,0,0,0,0,0,3,0,34,0,0,183.956,1614.975,0,13,20,29,499.445,0,1,0,5,32
"305","AL249_AL257","20190703","Afternoon","AL249","Female",0,20,0,0,0,0,0,0,0,0,0,13,0,0,0,1798.98,0,13,86,59,602.96,0,0,0,0,2
"306","AL249_AL257","20190703","Afternoon","AL257","Male",0,5,10,0,0,0,0,0,0,0,0,14,0,0,0,1798.98,0,7,101,59,553.955999999999,0,0,0,0,0
"307","AL249_AL257","20190719","Early_Morn","AL249","Female",0,2,11,0,2,0,0,0,0,1,0,8,0,0,0,1798.509,0,25,15,39,1125.408,5,0,0,0,28
"308","AL249_AL257","20190719","Early_Morn","AL257","Male",0,4,4,0,0,0,0,0,0,1,0,1,0,0,0,1798.509,0,16,43,45,1091.599,0,0,0,0,18
